{"cameraMode":{"drawMode":0,"name":"Shaded","section":"Shading Mode"},"sceneLighting":true,"audioPlay":false,"sceneViewState":{"m_AlwaysRefresh":false,"showFog":true,"showSkybox":true,"showFlares":true,"showImageEffects":true,"showParticleSystems":true,"showVisualEffectGraphs":true,"m_FxEnabled":true},"in2DMode":false,"pivot":{"x":3.051269054412842,"y":2.0012264251708986,"z":-1.8081766366958619},"rotation":{"x":0.0015009287744760514,"y":0.9968452453613281,"z":-0.07672399282455445,"w":0.02195625938475132},"size":2.666025161743164,"orthographic":false}